{"cameraMode":{"drawMode":0,"name":"Shaded","section":"Shading Mode"},"sceneLighting":false,"audioPlay":false,"sceneViewState":{"showFog":true,"showMaterialUpdate":false,"showSkybox":false,"showFlares":true,"showImageEffects":true,"showParticleSystems":true},"in2DMode":false,"pivot":{"x":-4.846768379211426,"y":7.512110710144043,"z":27.094987869262697},"rotation":{"x":0.20509210228919984,"y":0.4712524116039276,"z":0.11367277801036835,"w":-0.8502598404884338},"size":10.0,"orthographic":false}